cluster,target,tempo_aprovacao,limite_aprovado,nr_declared_income,flag_autonomo,max_limite,max_qtd_if,avg_utilizado_interno,sum_utilizado_interno,avg_utilizado_mercado,sum_utilizado_mercado,nr_chaves_importantes,nr_antecipacao_fatura,nr_bolso_ativo,nr_trans_mov_conta,nr_purchases_virtual,avg_vl_total_spending,nr_purchases_online,nr_acessos,nr_acessos_lojawill,flag_limite_insuficiente,share_of_wallet,ds_risk_type_1. Sem Informacao,ds_risk_type_2. Alto Risco,ds_risk_type_3. Medio Risco,ds_risk_type_4. Baixo Risco,gender_FEMALE,gender_MALE,ds_region_Centro-Oeste,ds_region_Nordeste,ds_region_Norte,ds_region_Sudeste,ds_region_Sul,flag_limite_aprov,flag_antecip,flag_lojawill
28,100%,3,10000,2500,0,10000,7,"3023,28","30232,77",31824,318240,1,0,0,14,3,3187,3,267,9,1,"0,0867579122466298",0,0,0,1,0,1,0,1,0,0,0,1,0,1
98,20%,16,1150,"2920,004","0,2",1910,"2,4","1847,118","28547,5","1657,19791666667","23914,6","1,4",0,0,51,"7,6","1080,922459292","68,8","149,2","0,8","0,8","0,533447161137504",0,"0,2","0,6","0,2","0,6","0,4",0,"0,6","0,4",0,0,"0,4",0,"0,4"
93,20%,17,2602,"1574,002","0,4",5254,"6,2","2737,094","39754,854","4578,9575","62664,8","0,6",0,0,"10,2",0,"913,092419047619","2,4","137,2","0,8","0,6","0,36225720975646",0,0,"0,2","0,8","0,8","0,2",0,"0,2",0,"0,6","0,2",1,0,"0,4"
65,"16,6666666666667%",2,1125,"1805,00333333333","0,333333333333333",1385,"4,66666666666667","1754,99166666667","11564,4833333333","3624,41130050505","28643,8333333333","0,833333333333333",0,0,"31,8333333333333",0,"578,444936822437","24,5","112,166666666667","0,166666666666667","0,5","0,294662458287208","0,166666666666667","0,166666666666667","0,333333333333333","0,333333333333333","0,5","0,5",0,"0,5","0,166666666666667","0,166666666666667","0,166666666666667","0,833333333333333",0,"0,166666666666667"
64,"14,2857142857143%","1,28571428571429","1192,85714285714","1785,71857142857","0,285714285714286","1814,28571428571","3,71428571428571","1894,02714285714","21657,9885714286","3761,77256493507","41951,2857142857","1,14285714285714","0,285714285714286",0,"20,1428571428571","1,42857142857143","652,075178571429",27,"102,428571428571","1,28571428571429","0,714285714285714","0,363786757849061","0,142857142857143",0,"0,428571428571429","0,428571428571429","0,571428571428571","0,428571428571429","0,142857142857143","0,571428571428571","0,142857142857143","0,142857142857143",0,1,"0,142857142857143","0,285714285714286"
63,"8,33333333333333%","6,66666666666667","1260,83333333333","2233,33666666667","0,25","2390,83333333333","4,25","2723,13","38899,7341666667","4903,13253014347","65224,9166666667","0,833333333333333","3,41666666666667",0,"47,0833333333333",1,"914,589269231494","50,0833333333333","125,25","0,166666666666667","0,666666666666667","0,302255479445284","0,25","0,0833333333333333","0,25","0,416666666666667","0,583333333333333","0,416666666666667","0,166666666666667","0,5","0,0833333333333333","0,166666666666667","0,0833333333333333","0,833333333333333","0,166666666666667","0,166666666666667"
71,"8,21917808219178%","18,3150684931507","1061,3698630137","4035,62753424658","0,26027397260274","2117,19178082192","4,15068493150685","1649,12849315069","21098,8623287671","8295,23438497385","145014,479452055","0,876712328767123","0,547945205479452","0,0273972602739726","21,041095890411","3,63013698630137","712,474701965088","30,027397260274","91,1780821917808","0,561643835616438","0,698630136986301","0,300922691823827","0,0821917808219178","0,178082191780822","0,342465753424658","0,397260273972603","0,63013698630137","0,36986301369863","0,0136986301369863","0,63013698630137","0,0273972602739726","0,287671232876712","0,0410958904109589","0,643835616438356","0,0547945205479452","0,219178082191781"
52,"8,10810810810811%","16,9864864864865","1472,56756756757","2674,94824324324","0,310810810810811","2922,56756756757","5,40540540540541","2997,60905405405","45756,067972973","14007,1830397362","251167,027027027","0,851351351351351","1,28378378378378","0,027027027027027","29,0675675675676","3,25675675675676","1146,79609765492","42,1891891891892","124,905405405405","0,648648648648649","0,675675675675676","0,30174417303339","0,108108108108108","0,148648648648649","0,243243243243243","0,5","0,540540540540541","0,45945945945946","0,108108108108108","0,513513513513514","0,0405405405405405","0,297297297297297","0,0405405405405405","0,810810810810811","0,0945945945945946","0,148648648648649"
40,"7,05882352941177%","8,71764705882353","1188,11764705882","2626,97964705882","0,270588235294118","2392,94117647059","4,2","2247,07835294118","27050,5263529412","5908,35620311062","79952,8705882353","1,09411764705882","0,4",0,"35,4941176470588","3,90588235294118","953,412587445655","34,7411764705882","110,529411764706","0,51764705882353","0,658823529411765","0,354231487504701","0,0705882352941177","0,176470588235294","0,341176470588235","0,411764705882353","0,564705882352941","0,435294117647059","0,0823529411764706","0,541176470588235","0,0235294117647059","0,247058823529412","0,105882352941176","0,658823529411765","0,129411764705882","0,188235294117647"
85,"6,92640692640693%","11,5974025974026","1315,97402597403","2533,6946969697","0,220779220779221","2385,02164502165","4,35281385281385","2022,02231601732","25369,9946753247","10045,1427376991","165401,454545455","0,965367965367965","0,439393939393939","0,038961038961039","38,1709956709957","6,94805194805195","1039,13735013741","32,2727272727273","132,376623376623","0,748917748917749","0,725108225108225","0,313936332647342","0,112554112554113","0,166666666666667","0,33982683982684","0,380952380952381","0,556277056277056","0,443722943722944","0,0714285714285714","0,532467532467532","0,0562770562770563","0,25974025974026","0,0800865800865801","0,67965367965368","0,0692640692640693","0,19047619047619"
36,"6,66666666666667%","3,2",1490,"2174,26866666667","0,133333333333333","3123,33333333333","5,53333333333333","2071,43466666667","30102,2546666667","15606,9462962963","211532,066666667","1,33333333333333","2,86666666666667",0,"122,066666666667","3,2","1239,12949808878","30,4","140,733333333333","0,333333333333333","0,866666666666667","0,317000760166849",0,"0,133333333333333","0,4","0,466666666666667","0,533333333333333","0,466666666666667","0,0666666666666667","0,466666666666667",0,"0,4","0,0666666666666667","0,733333333333333","0,133333333333333","0,2"
50,"6,65280665280665%","12,3336798336798","1204,43970893971","3014,34194386694","0,297297297297297","2303,66735966736","4,33056133056133","2186,35003118503","27698,1032848233","8505,16609552595","126732,182952183","0,918918918918919","0,594594594594595","0,0301455301455301","33,3482328482329","4,53638253638254","995,219838843944","31,1704781704782","116,775467775468","0,675675675675676","0,712058212058212","0,333382469493268","0,112266112266112","0,195426195426195","0,324324324324324","0,367983367983368","0,56964656964657","0,43035343035343","0,0561330561330561","0,577962577962578","0,0446985446985447","0,255717255717256","0,0654885654885655","0,668399168399168","0,0997920997920998","0,212058212058212"
76,"6,14035087719298%","11,9736842105263","1247,63157894737","2366,41552631579","0,324561403508772","2709,06140350877","3,96491228070175","1831,76184210526","20236,1787719298","6646,16139031534","77790,7280701754","0,807017543859649","0,447368421052632",0,"24,3333333333333","1,68421052631579","1057,21453138159","28,3684210526316","124,701754385965","0,543859649122807","0,657894736842105","0,311397960941931","0,140350877192982","0,131578947368421","0,333333333333333","0,394736842105263","0,578947368421053","0,421052631578947","0,0789473684210526","0,535087719298246","0,0263157894736842","0,298245614035088","0,0614035087719298","0,771929824561404","0,087719298245614","0,192982456140351"
72,"5,84232754575317%","13,34561238855","1318,82332238386","20409,4589746598","0,265837634913186","2391,09479117785","4,40872829657438","2139,34592679493","26490,0849413421","9137,64625467505","133371,407085875","0,97184420459878","0,606053496011262","0,0286250586579071","38,3106522759268","5,35804786485218","1006,75687937387","36,0429375879869","121,635382449554","0,712810886907555","0,716799624589395","0,328558437007747","0,117550445800094","0,16283435007039","0,328484279680901","0,391130924448616","0,57038948850305","0,42961051149695","0,0694509619896762","0,559831065227593","0,0600656968559362","0,255513843266072","0,0551384326607227","0,698732989206945","0,0900985452839043","0,202017832003754"
17,"5,59440559440559%","11,9667832167832","1296,97552447552","2400,13795454545","0,27972027972028","2633,95454545455","4,48426573426573","2372,25861888112","31881,81","9984,81095808814","159326,344405594",1,"0,835664335664336","0,0629370629370629","49,1765734265734","4,08216783216783","1031,38832725237","38,6923076923077","129,382867132867","0,811188811188811","0,744755244755245","0,35008973325072","0,111888111888112","0,16958041958042","0,335664335664336","0,382867132867133","0,561188811188811","0,438811188811189","0,0681818181818182","0,582167832167832","0,0506993006993007","0,234265734265734","0,0646853146853147","0,687062937062937","0,108391608391608","0,208041958041958"
12,"5,55555555555556%","13,5555555555556","1523,88888888889","1480,89277777778","0,222222222222222","3237,77777777778","5,61111111111111","2032,65777777778","20412,9","7397,65091540404","64801,9444444444",1,0,0,"49,9444444444444","3,88888888888889","1021,71400961454","42,6111111111111","87,7777777777778",0,"0,666666666666667","0,289928536408915","0,166666666666667","0,166666666666667","0,277777777777778","0,388888888888889","0,388888888888889","0,611111111111111","0,0555555555555556","0,5","0,0555555555555556","0,388888888888889",0,"0,722222222222222",0,0
68,"5,43478260869565%","26,7934782608696","1332,60869565217","2835,51576086957","0,282608695652174","2692,19565217391","4,01086956521739","3077,63456521739","53521,5566304348","17519,5849506698","361249,532608696",1,"0,380434782608696",0,"41,0978260869565","20,945652173913","1453,75821854996","85,4673913043478","154,45652173913","0,728260869565217","0,728260869565217","0,353984023161305","0,173913043478261","0,239130434782609","0,315217391304348","0,271739130434783","0,576086956521739","0,423913043478261","0,108695652173913","0,652173913043478","0,0217391304347826","0,184782608695652","0,0326086956521739","0,673913043478261","0,0869565217391304","0,239130434782609"
66,"5,43328748280605%","12,0440165061898","1314,14718019257","79606,3591746905","0,278541953232462","2396,50550206327","4,37001375515818","2131,94209078404","26004,4102819807","9539,51145258627","120120,008940853","1,05570839064649","0,635488308115543","0,0116918844566713","39,6829436038514","3,87964236588721","1026,98945316626","33,4050894085282","120,821870701513","0,666437414030261","0,729711141678129","0,327275860044518","0,104539202200825","0,175378266850069","0,314993122420908","0,405089408528198","0,576341127922971","0,423658872077029","0,0667125171939477","0,572902338376891","0,0570839064649243","0,242090784044017","0,0612104539202201","0,708390646492435","0,0873452544704264","0,201513067400275"
38,"5,35714285714286%","15,4770408163265","1417,65306122449","2688,49354591837","0,260204081632653","2492,89285714286","4,71173469387755","1990,20045918367","23327,7370918367","8253,10530197198","127748,701530612","1,18622448979592","0,709183673469388","0,0204081632653061","35,8801020408163","4,57397959183674","1003,78425835588","29,7678571428571","104,354591836735","0,543367346938776","0,739795918367347","0,318336740314968","0,0918367346938776","0,163265306122449","0,288265306122449","0,456632653061224","0,576530612244898","0,423469387755102","0,0714285714285714","0,548469387755102","0,0714285714285714","0,255102040816327","0,0535714285714286","0,721938775510204","0,119897959183673","0,206632653061225"
67,"5,33422648427584%","12,7632562403046","1309,41767733747","15500,9408420886","0,268879565646594","2355,1499964744","4,44457763362008","2135,32241961642","27166,3511165562","9902,31698913266","153842,30878931","0,995663517134396","0,678641940487943","0,031994782118178","38,2824531095755","5,05914186997603","1029,61941599783","34,3868812579326","123,473029191933","0,71756451840361","0,727436186715555","0,327299299442079","0,110439289239882","0,169493019320265","0,326893244958398","0,393174446481455","0,560393456494148","0,439606543505853","0,0616626709913975","0,565452686504019","0,0586482865604287","0,253402199971795","0,0608341559723593","0,694524749682696","0,0904139049499365","0,213210407558877"
45,"5,26774527428229%","12,4918014926186","1319,06319115324","3254,07605708994","0,272865936699897","2437,53314811788","4,44566105572806","2182,8474843384","28523,4857187994","10051,7012674772","152145,098708939","0,995369613771313","0,661872855041674","0,0298523723920031","38,7496322928583","4,89867625428992","1046,09503822967","35,4819959688402","123,716075611483","0,727025113035899","0,725118483412322","0,330682960848108","0,109603965789617","0,167892357138966","0,335784714277932","0,386718962793485","0,563163915672496","0,436836084327505","0,0655880590510432","0,569265130467941","0,0599226453124149","0,244974669063573","0,0602494961050281","0,69553848668083","0,0945143541973089","0,212670915726971"
94,"5,2519035979138%","12,7037997510123","1307,14127364246","9201316,92049123","0,270263339661426","2366,8815157644","4,4511103114828","2134,67628516124","27593,3108213699","10267,516185961","162273,782871962","0,99149636651653","0,656669934113385","0,0320209778351304","39,0713502826962","4,92025362004144","1031,0447823511","34,5375487532002","122,843046749304","0,734704006551437","0,725414531452277","0,325678671528982","0,109922698001067","0,168790507033282","0,331492809549216","0,389793985416434","0,561951203371674","0,438048796628326","0,0640378196617572","0,564081247751045","0,0602533718809326","0,252329606789672","0,0592979539165933","0,697562650188809","0,0922784857245667","0,208198396055902"
75,"5,22247547319394%","12,4176989396492","1296,54817824464","54530,2260463119","0,269580153932547","2372,038618571","4,46975853070393","2113,72025336108","27548,4588098305","9706,15479683175","152657,395269712","0,989198295510851","0,624748125392264","0,032999702705381","38,6265649258415","4,76642552769795","1013,64443648639","34,3154956561953","122,754996201235","0,749942192712979","0,729858289564959","0,325016015639281","0,109404419780002","0,170746209493608","0,32996399431837","0,38988537640802","0,565157070657021","0,434842929342979","0,0638522776071086","0,561622567964853","0,0617051498034552","0,253757473656394","0,0590625309681895","0,69292769134212","0,0950682125986853","0,210517622964358"
37,"5,21545168812735%","12,6189191929433","1301,87293926797","40571671,9176328","0,270587042482003","2353,08679874278","4,44605089729291","2129,28156869107","27607,585465477","10477,7412671597","171101,474602048","0,991341376863023","0,617215857244246","0,0327689344012978","38,7758491331238","4,91909155429383","1025,60657365269","33,9406063063977","122,595315826828","0,747642705059313","0,725174896076245","0,325644207089803","0,109763763560783","0,169704957923553","0,333286018452803","0,387245260062861","0,561350501875697","0,438649498124303","0,0628206428064484","0,564838284497617","0,0591300821251141","0,25326979620805","0,05994119436277","0,695832910879043","0,0899726249619791","0,210402514447937"
77,"5,17639497238621%","12,6593148924014","1303,47481432108","12058842,6562962","0,269008284136355","2373,93571462579","4,46882736621596","2119,27892282422","27170,7133750714","10239,0671663183","159863,19427252","0,988918777375738","0,648078937345268","0,0309940963625976","37,90888640259","4,96517330032375","1020,29934373956","34,6232979432489","122,338280803656","0,716434964768616","0,728206532089126","0,325481231899084","0,109431536850124","0,171657779470577","0,326818701199771","0,392091982479528","0,560024281089316","0,439975718910684","0,0662254808607884","0,563880689392497","0,0610121881546372","0,250952199581032","0,0579294420110455","0,696331651114074","0,0915420872214816","0,209733860217102"
0,"5,17062786195467%","12,4877163655587","1308,58962874063","7183708,54483716","0,270690012358644","2375,19043598186","4,45810562711186","2118,75624347242","27275,8354133002","10440,9115780197","164113,322303423","0,993620653936549","0,652872134473472","0,0314752505661402","38,8074051849153","5,01594479329633","1026,42370584174","34,7074001843081","123,024567268883","0,731003050370402","0,724087924962317","0,326456196866706","0,110034789938778","0,169399141324304","0,330397262524735","0,390168806212183","0,561789645885572","0,438210354114428","0,064865019323775","0,564790010215526","0,0593786388347156","0,252437796018088","0,0585285356078953","0,696598872720259","0,0920111727852668","0,208303865469378"
78,"5,15170670037927%","13,2496839443742","1311,58470290771","31194,7129646018","0,266434892541087","2328,06763590392","4,31352718078382","1962,809017067","24751,3704140329","10271,9691802563","178552,843868521","0,987673830594185","0,75094816687737","0,0297092288242731","37,3843236409608","4,9680783817952","997,748529893195","33,4680783817952","118,293299620733","0,663400758533502","0,717446270543616","0,326018320666756","0,11441213653603","0,171302149178255","0,328065739570164","0,38621997471555","0,555625790139064","0,444374209860936","0,0606826801517067","0,565423514538559","0,0553097345132743","0,262010113780025","0,0565739570164349","0,698166877370417","0,0913400758533502","0,213337547408344"
99,"5,14800514800515%","12,4041184041184","1297,87277072991","14281,9862033462","0,265122265122265","2323,07133664277","4,47986762272477","2111,47229453944","27329,7441184041","9397,6635800284","143862,707850708","0,969295826438684","0,769442912300055","0,0250045964331679","35,0340136054422","4,35539621253907","1013,23771440443","36,7183305754734","118,852914138628","0,725684868542011","0,725317153888582","0,324725246000584","0,108108108108108","0,170251884537599","0,32579518293804","0,395844824416253","0,552675124103696","0,447324875896305","0,066188637617209","0,560764846479132","0,0580989152417724","0,261261261261261","0,0536863394006251","0,699760985475271","0,0963412391983821","0,21143592572164"
92,"4,83802397755293%","13,0862171584049","1298,00620695519","26166,3687705127","0,266729019641187","2403,54357622651","4,45523339852053","2151,07632854349","27607,2140693819","11093,0858435017","187118,983589831","0,996854009012839","0,781566193350906","0,034010713374713","39,131196326843","4,7700025508035","1040,24209475987","34,3157894736842","121,526825950174","0,737522319530652","0,722982739562962","0,323991166597793","0,107388827480656","0,170223620440439","0,330924241135958","0,391463310942947","0,563727574185869","0,436272425814131","0,0668310517813111","0,556670351160616","0,0607091233738628","0,254145055692543","0,0616444179916674","0,689057052971686","0,0880877476405068","0,208400646203554"
22,"4,7776552737964%","12,0470415288497","1315,6394707828","27157,5503038099","0,268651231165013","2402,33198578954","4,50018375597207","2146,452122994","28015,9411000858","10784,1352719492","176211,609334803","0,982971946588264","0,659561435746662","0,0294009555310548","39,0067377189759","4,797868430724","1039,58480810421","36,3170403038099","121,040671321818","0,680632120543918","0,735881416146025","0,32357657087144","0,109028543427661","0,172853117726326","0,324268038711258","0,393850300134754","0,56070072277349","0,43929927722651","0,0628445424476296","0,5749111846135","0,0621095185593532","0,244150434889134","0,0559843194903834","0,696190126179101","0,0935930417738577","0,200049001592552"
26,"4,75789473684211%","12,0517894736842","1298,58526315789","44690,7883578947","0,265263157894737","2338,39326315789","4,38105263157895","2115,94198736842","27268,5603915789","9323,72169043851","151966,606315789","1,00463157894737","0,729684210526316","0,0298947368421053","37,5242105263158","4,06905263157895","1055,91545923543","31,7368421052632","124,684631578947","0,770947368421053","0,720842105263158","0,333971566246711","0,106947368421053","0,180210526315789","0,331368421052632","0,381473684210526","0,552421052631579","0,447578947368421","0,0627368421052632","0,573052631578947","0,0517894736842105","0,256842105263158","0,0555789473684211","0,677473684210526","0,0926315789473684","0,197894736842105"
49,"4,67505779604418%","11,3339326997174","1272,11379398921","2620,84904957616","0,269201130233753","2307,8489596712","4,49422039558181","2125,48159517082","28723,9571153352","10489,2693969743","170149,058823529","0,9979450295402","0,74235807860262","0,0262008733624454","39,6090418700231","5,05265861803237","1009,28624941353","36,2013871050604","126,609041870023","0,856665810428975","0,727973285384023","0,329188415643841","0,11148214744413","0,17364500385307","0,325712817878243","0,389160030824557","0,5702543025944","0,4297456974056","0,062676599023889","0,5692268173645","0,0557410737220652","0,252761366555356","0,0595941433341896","0,688158232725405","0,0976110968404829","0,203185204212689"
91,"4,59770114942529%","18,1182266009852","1316,4367816092","2708,80201970443","0,280788177339901","2461,54844006568","4,57635467980296","2377,45282430213","30313,1257963875","9280,7376093506","129953,696223317","0,978653530377668","0,673234811165846","0,0311986863711002","36,8916256157635","4,61412151067324","1017,36078926059","38,2528735632184","116,816091954023","0,563218390804598","0,738916256157636","0,308529943082475","0,105090311986864","0,183908045977012","0,307060755336617","0,403940886699507","0,579638752052545","0,420361247947455","0,0525451559934319","0,564860426929392","0,0706075533661741","0,239737274220033","0,0722495894909688","0,676518883415435","0,09688013136289","0,180623973727422"
90,"4,54545454545455%",10,"1240,45454545455","4483,09363636364","0,454545454545455","2044,09090909091","3,95454545454545","1449,61","14956,9590909091","7626,25319264069","71564,3636363636","1,18181818181818","1,09090909090909",0,"93,6818181818182","1,86363636363636","1654,87314921246","41,1363636363636","98,5","0,590909090909091","0,772727272727273","0,298774092795551","0,0909090909090909","0,181818181818182","0,227272727272727","0,5","0,727272727272727","0,272727272727273","0,227272727272727","0,5",0,"0,272727272727273",0,"0,727272727272727","0,0909090909090909","0,227272727272727"
86,"4,54545454545455%","12,3964896489649","1305,95184518452","2377,29746174617","0,261926192619262","2489,42349234924","4,40684068406841","2143,76291629163","26993,5499369937","9898,93185073659","144556,353285329","0,992349234923492","0,835283528352835","0,0261026102610261","36,8685868586859","4,25202520252025","991,377299585866","36,2434743474347","115,99099909991","0,716921692169217","0,714671467146715","0,329830973275412","0,106660666066607","0,177767776777678","0,334833483348335","0,380738073807381","0,549054905490549","0,450945094509451","0,0652565256525653","0,552655265526553","0,0684068406840684","0,256975697569757","0,0567056705670567","0,707020702070207","0,104860486048605","0,201170117011701"
24,"4,34782608695652%","12,3664596273292",1290,"3350,8447826087","0,248447204968944","2419,62732919255","4,50931677018634","2180,09751552795","26924,5349689441","10977,9554049298","190177,869565217","0,950310559006211","0,46583850931677",0,"35,9254658385093","4,44099378881988","1024,34234942125","31,472049689441","102,745341614907","1,04968944099379","0,770186335403727","0,298032347039004","0,136645962732919","0,198757763975155","0,242236024844721","0,422360248447205","0,596273291925466","0,403726708074534","0,0745341614906832","0,552795031055901","0,0683229813664596","0,236024844720497","0,0683229813664596","0,677018633540373","0,0807453416149068","0,242236024844721"
46,"4,12147505422994%","11,0433839479393","1272,81995661605","2578,78386117137","0,295010845986985","2208,27331887202","4,19088937093276","2020,76774403471","26551,5759436009","10058,8165810705","151952,566160521","0,917570498915401","0,698481561822126","0,03470715835141","41,6095444685466","3,56616052060738","1044,53514942446","27,5162689804772","113,939262472885","0,577006507592191","0,676789587852495","0,313178909693468","0,117136659436009","0,158351409978308","0,292841648590022","0,431670281995662","0,553145336225597","0,446854663774403","0,0607375271149675","0,544468546637744","0,0672451193058568","0,268980477223427","0,0585683297180043","0,6941431670282","0,0867678958785249","0,195227765726681"
73,"3,64372469635628%","16,6882591093117","1251,51821862348","2302,8644534413","0,275303643724696","2492,23076923077","4,67206477732794","1998,235951417","28548,5300809717","12351,7486376983","217151,55465587","0,987854251012146","0,882591093117409","0,00809716599190283","49,4534412955466","5,03643724696356","958,365160564658","32,9878542510121","123,101214574899","0,578947368421053","0,716599190283401","0,32455272173957","0,161943319838057","0,194331983805668","0,303643724696356","0,340080971659919","0,558704453441296","0,441295546558704","0,0526315789473684","0,587044534412956","0,0323886639676113","0,283400809716599","0,0445344129554656","0,680161943319838","0,109311740890688","0,165991902834008"
82,"2,64900662251656%","9,88741721854305","1225,16556291391","2186,58609271523","0,251655629139073","1844,23178807947","4,09271523178808","1854,05271523179","20010,0178807947","7025,75611465429","104176,57615894","1,02649006622517","0,370860927152318","0,0397350993377483","53,0066225165563","3,16556291390729","881,397655521906","29,887417218543","126,013245033113","0,56953642384106","0,708609271523179","0,329173709312529","0,0927152317880795","0,158940397350993","0,350993377483444","0,397350993377483","0,576158940397351","0,423841059602649","0,0927152317880795","0,529801324503311","0,0596026490066225","0,278145695364238","0,0397350993377483","0,662251655629139","0,0794701986754967","0,211920529801325"
16,"2,5%","14,075","1389,5","2750,5035","0,3","3151,25","4,625","2849,30575","42014,412","6440,78358688187","78323,05","1,725","5,825",0,"141,1","2,925","985,862510079668","40,875","200,275","0,675","0,725","0,305313718815699","0,125","0,15","0,4","0,325","0,575","0,425","0,05","0,55","0,075","0,275","0,05","0,6","0,125","0,125"
33,"1,61290322580645%","7,66129032258065","1088,70967741935","2155,22919354839","0,17741935483871","1892,53225806452","4,82258064516129","1851,8635483871","21926,9566129032","8048,34475517762","99773,3387096774","0,774193548387097","0,225806451612903","0,0483870967741936","19,4032258064516","7,06451612903226","915,497592549654","26,6612903225806","128,629032258065","0,290322580645161","0,741935483870968","0,297782602667867","0,0967741935483871","0,241935483870968","0,32258064516129","0,338709677419355","0,596774193548387","0,403225806451613","0,0967741935483871","0,596774193548387","0,0806451612903226","0,17741935483871","0,0483870967741936","0,693548387096774","0,0483870967741936","0,145161290322581"
97,0%,21,1430,4750,0,1830,"4,5","963,18","10098,83","2358,16666666667",19705,1,0,0,14,0,"435,937916666667","4,5","70,5",0,1,"0,261652832059754",0,"0,5",0,"0,5",0,1,0,"0,5",0,"0,5",0,"0,5",0,0
96,0%,"9,83333333333333","1228,33333333333","4050,00166666667","0,5","2136,66666666667","3,16666666666667","1256,88666666667","11764,0116666667","5342,89791666667","28852,5","0,833333333333333",0,0,"11,8333333333333","0,5","1114,74722279733","35,5","74,8333333333333","0,5","0,5","0,261368292633135",0,"0,333333333333333","0,333333333333333","0,333333333333333","0,666666666666667","0,333333333333333",0,"0,5",0,"0,5",0,"0,666666666666667",0,"0,333333333333333"
95,0%,119,950,"0,01",1,800,0,"1291,64","12477,34","2874,67708333333",27860,1,0,0,14,0,"419,615",0,82,0,0,"0,316916313902613",1,0,0,0,0,1,0,1,0,0,0,1,0,0
89,0%,4,950,"0,01",1,1500,3,"6048,2","18144,6","2911,33333333333",8734,1,0,0,14,0,"512,914",56,82,0,1,"0,675057480672356",1,0,0,0,1,0,0,1,0,0,0,1,0,0
88,0%,"38,5","816,875","2061,253125","0,3125","1743,75","5,625","6236,85875","172115,389375","197661,295281498","6240697,9375","0,6875",0,0,"36,625","31,375","1595,28350201795","67,875","194,0625","0,8125","0,6875","0,315828441277969","0,0625","0,25","0,5","0,1875","0,5625","0,4375",0,"0,6875",0,"0,1875","0,125","0,5625",0,"0,125"
87,0%,"1,75","1537,5","2700,0025",0,2425,5,"1712,04","22756,7525","6132,27864583333","84396,25","1,5",0,0,24,"5,5","698,001352813853",8,"110,5",1,"0,5","0,3981410969878",0,0,"0,25","0,75","0,75","0,25","0,25","0,25",0,"0,25","0,25","0,75",0,"0,25"
84,0%,7,950,"0,01",0,7300,4,"9873,58","315954,54",6159,197088,0,0,0,4,0,"1853,2592631579",66,464,2,1,"0,615844721180431",1,0,0,0,1,0,0,0,0,1,0,1,0,1
83,0%,"4,5",475,1750,"0,5",650,"4,5","766,515","10689,87","1707,97142857143",21950,"1,5",0,1,"220,5",1,"401,826333333333",3,325,0,1,"0,201880638488041",0,1,0,0,1,0,0,1,0,0,0,0,0,0
81,0%,2,950,"0,01",0,7300,6,"724,86","23195,38","7818,625",250196,1,0,0,14,0,"781,271290322581",0,86,0,1,"0,0848431285580401",1,0,0,0,0,1,0,0,0,1,0,1,0,0
80,0%,"3,5",1150,"550,005",1,1500,5,"1054,84","6751,525","287,071428571429","744,5",1,0,0,14,0,"688,34025","0,5",72,0,"0,5","0,648935414211955","0,5",0,0,"0,5",1,0,0,1,0,0,0,1,0,0
79,0%,73,"1463,33333333333","1633,34",0,"1763,33333333333","7,66666666666667","1850,09333333333","24703,6933333333","12807,0868055556","177458,333333333","0,666666666666667",0,0,"10,6666666666667",0,"1167,62857142857","3,33333333333333","91,6666666666667",0,"0,666666666666667","0,175957678006894","0,333333333333333",0,"0,333333333333333","0,333333333333333","0,666666666666667","0,333333333333333",0,"0,333333333333333",0,"0,666666666666667",0,1,0,0
74,0%,1,1500,1500,1,2100,5,"653,99","7847,92","1467,83333333333",17614,0,0,1,32,0,"479,518571428571",4,104,0,1,"0,308221846585018",0,0,0,1,0,1,0,1,0,0,0,1,0,0
70,0%,0,2100,2660,0,2100,6,"1678,4","5035,2","1710,66666666667",5132,0,0,0,2,14,"825,7225",14,33,1,1,"0,495239593988512",0,0,1,0,0,1,0,0,0,1,0,1,0,1
69,0%,51,950,"0,01",0,3800,9,"4429,18","141733,46","23402,125",748868,1,0,0,14,0,"1953,49877192982",160,36,0,1,"0,159143529811864",1,0,0,0,0,1,0,1,0,0,0,1,0,0
62,0%,"3,25",1635,1900,"0,5",1835,"6,75","1844,0675","27588,0175","6405,78125","94053,75","0,25",0,0,"17,5","3,5","573,169875","9,5",175,"0,25",1,"0,289358738241317","0,25",0,0,"0,75","0,5","0,5","0,25","0,5",0,"0,25",0,1,0,"0,25"
61,0%,7,2715,"1500,005",0,2965,"7,5","24,14","248,28","11117,0625","138400,5",1,0,0,"2,5",0,"940,914166666667","3,5","46,5",0,1,"0,00262088072860945",0,0,0,1,1,0,0,"0,5",0,"0,5",0,1,0,0
60,0%,2,1000,"0,01",1,1000,1,"1291,64","12477,34","2874,67708333333",27860,1,0,0,14,0,"264,049",0,82,0,0,"0,316916313902613",0,0,1,0,1,0,0,1,0,0,0,1,0,0
59,0%,"10,2",1278,"1560,004",0,1358,"6,8","1099,39","13238,764","11972,9009469697","177039,6","0,8",0,"0,4","12,4","5,2","470,119223321123","13,2",52,0,"0,8","0,11572700618564","0,2",0,"0,4","0,4","0,8","0,2",0,"0,4",0,0,"0,6","0,8",0,0
58,0%,"4,18181818181818","1328,18181818182","2327,27636363636","0,272727272727273","2775,45454545455","3,72727272727273","4141,95090909091","62853,5090909091","5263,88977272727","83217,8181818182","1,72727272727273",1,0,"47,8181818181818","5,18181818181818","1935,40160999236","50,9090909090909","90,2727272727273","0,181818181818182","0,727272727272727","0,412810459444491",0,"0,454545454545455","0,0909090909090909","0,454545454545455","0,545454545454545","0,454545454545455",0,"0,636363636363636","0,0909090909090909","0,272727272727273",0,"0,454545454545455","0,181818181818182","0,0909090909090909"
57,0%,7,800,"0,01",0,16100,1,"601,73","9627,74","1608,8125",25741,1,0,0,1,0,"790,8836",19,82,0,0,"0,272210432149972",0,0,1,0,1,0,0,1,0,0,0,1,0,0
56,0%,"3,5",1595,6000,0,1595,"2,5","574,63","8195,615","599,0625",7608,"1,5",2,0,1171,1,"925,326153846154","2,5","54,5",0,0,"0,433207490619699",0,0,"0,5","0,5",0,1,0,1,0,0,0,"0,5","0,5",0
55,0%,5,885,3750,0,1000,"4,5","1638,8","11366,875","5404,7",45458,0,0,0,7,4,"692,914",4,"65,5",3,1,"0,274819384454275",0,0,"0,5","0,5","0,5","0,5",0,0,0,0,1,"0,5",0,"0,5"
54,0%,2,630,2500,0,1100,3,"583,15","9330,38",647,10352,1,0,0,75,0,"328,05619047619",2,82,0,1,"0,474047345900242",0,1,0,0,1,0,0,1,0,0,0,0,0,0
53,0%,5,600,"0,01",1,845,6,"1127,26","10145,28","11313,5555555556",101822,1,0,0,14,0,"555,314545454546",74,82,0,1,"0,090609328010826",0,0,1,0,1,0,0,1,0,0,0,0,0,0
51,0%,21,2215,3175,1,4265,10,"4899,83","39952,13","13766,9375","120909,5","0,5",0,0,12,"1,5","1640,83527777778","10,5",147,"0,5",1,"0,261536169931049",0,0,0,1,1,0,0,1,0,0,0,1,0,"0,5"
48,0%,"4,92857142857143","1424,28571428571","2370,21678571429","0,321428571428571","2147,5","4,32142857142857","2403,29178571429","31079,2828571429","6481,09218266852","79840,0714285714","1,17857142857143","0,214285714285714",0,37,"3,10714285714286","940,348616916039","20,3214285714286","112,428571428571","0,75","0,642857142857143","0,359953049845499","0,0357142857142857","0,0357142857142857","0,392857142857143","0,535714285714286","0,571428571428571","0,428571428571429","0,0357142857142857","0,535714285714286","0,0714285714285714","0,214285714285714","0,142857142857143","0,821428571428571","0,0714285714285714","0,178571428571429"
47,0%,"9,66666666666667",1880,"2166,67","0,666666666666667","2346,66666666667",3,"430,546666666667","4159,11333333333","3390,72569444444","86506,6666666667","0,666666666666667",0,0,"9,66666666666667",0,"542,84",2,"49,6666666666667",0,"0,333333333333333","0,105638771300871",0,"0,333333333333333",0,"0,666666666666667","0,333333333333333","0,666666666666667",0,"0,666666666666667",0,"0,333333333333333",0,"0,666666666666667",0,0
44,0%,4,1600,"1318,33666666667","0,333333333333333",2800,5,"1562,10666666667","17913,1333333333","2085,04623015873","21049,6666666667","0,666666666666667","0,333333333333333",0,"13,3333333333333","0,333333333333333","852,217628968254","53,3333333333333","76,3333333333333",0,"0,333333333333333","0,325479991587161","0,333333333333333",0,"0,333333333333333","0,333333333333333","0,666666666666667","0,333333333333333",0,"0,333333333333333",0,"0,666666666666667",0,1,"0,333333333333333",0
43,0%,3,580,"666,673333333333",0,"4633,33333333333",7,"6929,24","110462,573333333","7786,87179487179","120383,333333333","0,333333333333333","5,33333333333333",0,"72,6666666666667","0,666666666666667","1772,42322152341",251,101,0,1,"0,357725247551647",0,"0,333333333333333","0,333333333333333","0,333333333333333","0,666666666666667","0,333333333333333",0,"0,333333333333333",0,"0,666666666666667",0,0,"0,333333333333333",0
42,0%,"47,4",1000,"1460,004","0,4",2120,"4,6","655,406","6059,59","2945,72708333333",50350,"0,6",0,0,"10,8",0,"431,828396825397","18,2","36,6",0,"0,4","0,149565395374173","0,4","0,2","0,2","0,2","0,4","0,6","0,2","0,6",0,"0,2",0,"0,8",0,0
41,0%,2,810,"3000,00333333333","0,333333333333333","4686,66666666667","6,66666666666667","3529,42666666667","54988,8266666667","15444,500462963",240003,"1,33333333333333","7,66666666666667",0,"118,666666666667","1,66666666666667","900,621809210526",12,"64,6666666666667",0,"0,666666666666667","0,18933062904515",0,0,"0,666666666666667","0,333333333333333","0,666666666666667","0,333333333333333",0,"0,666666666666667",0,0,"0,333333333333333","0,666666666666667","0,666666666666667",0
39,0%,"6,5",3575,"1609,5","0,5",3755,3,"1783,035","5698,09","7695,91666666667",23336,"0,5","1,5",0,80,14,"1202,97083333333","20,5","68,5","1,5",1,"0,372899114472597",0,"0,5","0,5",0,1,0,0,0,0,"0,5","0,5","0,5","0,5","0,5"
35,0%,"4,33333333333333","1306,66666666667","906,67",0,1590,"2,66666666666667","696,123333333333","5487,00333333333","1327,69236111111",11134,"0,666666666666667",0,0,"22,6666666666667","2,66666666666667","768,992301587302","3,33333333333333",66,0,"0,333333333333333","0,350678760573811",0,0,"0,666666666666667","0,333333333333333","0,666666666666667","0,333333333333333",0,"0,666666666666667",0,"0,333333333333333",0,1,0,0
34,0%,"2,5",780,710,0,780,3,"213,005","639,01","676,322916666667","5118,5",1,0,0,25,0,"105,098","1,5",23,0,"0,5","0,163428831566079",0,"0,5",0,"0,5","0,5","0,5",0,0,0,"0,5","0,5","0,5",0,0
32,0%,0,2400,2000,0,2400,0,"1291,64","12477,34","2874,67708333333",27860,1,0,0,3,2,"1115,3",2,23,0,0,"0,316916313902613",0,0,0,1,1,0,0,1,0,0,0,1,0,0
31,0%,"1,5",1850,"2162,5025","0,25",1930,"4,25","2473,105","37522,4425","3358,99739583333","49210,25",1,0,0,"18,5",0,"1213,9638125",11,"62,75",0,"0,5","0,326582571907061",0,0,"0,5","0,5","0,25","0,75",0,"0,75",0,"0,25",0,1,0,0
30,0%,"1,5",725,4000,0,725,5,"1063,18","7330,465","2775,4",17100,1,0,0,14,0,"435,142543859649",1,80,0,1,"0,323181696980163",0,"0,5","0,5",0,"0,5","0,5",0,1,0,0,0,"0,5",0,0
29,0%,16,"1272,66666666667","1625,336","0,266666666666667","2042,66666666667","3,86666666666667","1287,18","15193,9766666667","7954,63611111111","113600,6","0,466666666666667","0,733333333333333","0,0666666666666667","19,6","0,933333333333333","835,562438059679","43,1333333333333","69,6","0,133333333333333","0,533333333333333","0,32644471150618",0,"0,266666666666667","0,2","0,533333333333333","0,666666666666667","0,333333333333333","0,133333333333333","0,6",0,"0,133333333333333","0,133333333333333","0,666666666666667","0,0666666666666667","0,133333333333333"
27,0%,"4,5",700,"2000,005","0,5",6300,5,"7499,515","119992,24","7751,34375","124021,5",1,0,0,45,0,"1756,23975","136,5",82,0,"0,5","0,694669636433069",0,"0,5","0,5",0,1,0,0,1,0,0,0,"0,5",0,0
25,0%,28,620,"733,336666666667","0,666666666666667","786,666666666667",3,"5624,98666666667","82948,48","11606,4756944444","127147,333333333","0,666666666666667",0,0,"22,6666666666667",20,"1263,72006878307","24,3333333333333",89,0,"0,666666666666667","0,272271568672917",0,"0,666666666666667",0,"0,333333333333333","0,666666666666667","0,333333333333333",0,"0,666666666666667",0,"0,333333333333333",0,"0,333333333333333",0,0
23,0%,1,1550,15750,0,1550,8,"243,015","3888,27","73758,0024038462","960723,5",1,0,0,14,0,"2671,77125",1,49,0,1,"0,140281929781647",0,"0,5",0,"0,5",0,1,0,"0,5",0,0,"0,5","0,5",0,0
21,0%,"1,375",1225,"2300,00125","0,5",2600,"4,375","2074,605","29334,18625","5203,75651041667",75682,"1,5",0,0,"73,25","1,25","893,309624712824","13,5","236,25","0,25","0,5","0,269644430315807",0,"0,125","0,125","0,75","0,375","0,625",0,"0,5","0,375","0,125",0,"0,875",0,"0,25"
20,0%,"0,666666666666667",1700,"2166,67","0,333333333333333",1800,3,"1436,82666666667","19834,69","3293,25",23988,"0,333333333333333",0,0,"11,6666666666667",16,"937,176190476191","27,3333333333333","88,3333333333333",2,1,"0,25420552824244",0,0,"0,666666666666667","0,333333333333333","0,333333333333333","0,666666666666667",0,"0,333333333333333","0,333333333333333","0,333333333333333",0,1,0,"0,333333333333333"
19,0%,2,800,"0,01",0,800,4,"1699,89","15299,04","1506,66666666667",13560,1,0,0,14,0,"322,086666666667",10,82,0,1,"0,530129900370906",0,0,1,0,1,0,0,1,0,0,0,1,0,0
18,0%,"0,666666666666667","1056,66666666667","1233,33666666667","0,333333333333333",1300,"1,33333333333333","1191,57","14854,3533333333","1810,67601495727","21484,3333333333","0,666666666666667",0,0,"11,3333333333333",0,"470,995504680505","11,6666666666667","62,6666666666667",0,"0,666666666666667","0,413952081408486",0,0,"0,666666666666667","0,333333333333333","0,666666666666667","0,333333333333333",0,"0,333333333333333",0,"0,666666666666667",0,"0,666666666666667",0,0
15,0%,3,400,"0,01",0,400,0,"1291,64","12477,34","2874,67708333333",27860,1,0,0,14,0,"227,7",0,82,0,0,"0,316916313902613",0,1,0,0,1,0,0,0,0,1,0,0,0,0
14,0%,"1,66666666666667","1103,33333333333",6500,0,"1236,66666666667","4,66666666666667","5657,33666666667","44638,6366666667","6844,16025641026","85850,3333333333",0,0,0,"31,3333333333333","115,333333333333","1781,04231259968","130,666666666667","273,666666666667","2,33333333333333",1,"0,418123504402105",0,"0,333333333333333","0,333333333333333","0,333333333333333","0,666666666666667","0,333333333333333",0,"0,666666666666667",0,"0,333333333333333",0,"0,666666666666667",0,"0,666666666666667"
13,0%,3,1200,10000,0,1500,4,"2302,54","16117,82","44904,2857142857",314330,2,0,0,14,0,"2605,23666666667",0,132,0,1,"0,0487756887002614",0,0,1,0,0,1,0,1,0,0,0,1,0,0
11,0%,37,2250,"0,01",1,2925,0,"1291,64","12477,34","2874,67708333333",27860,1,0,0,14,0,"1129,345",11,82,0,0,"0,316916313902613",0,0,0,1,1,0,0,0,0,0,1,1,0,0
10,0%,"5,5",875,"0,01",0,3600,8,"4468,88","71502,04","9111,875",145790,"1,5",0,0,60,0,"1473,47728205128",190,82,0,1,"0,173133423124464","0,5",0,"0,5",0,1,0,0,1,0,0,0,1,0,0
9,0%,"2,5","1533,33333333333","3473,33333333333","0,333333333333333",2950,"10,5","1508,33166666667","16551,0483333333","20115,4538194444","347406,833333333","0,5",0,0,"8,33333333333333","4,16666666666667","665,732964550265","7,33333333333333","53,1666666666667",0,"0,833333333333333","0,229124298291933",0,0,"0,5","0,5","0,5","0,5","0,5","0,166666666666667",0,"0,166666666666667","0,166666666666667","0,833333333333333",0,0
8,0%,"1,5","1472,5","1612,5",0,"1697,5",2,"1431,285","13516,4225","2612,68854166667","23886,5",1,0,0,"9,75","2,5","605,221061507937","10,25","50,75",1,"0,5","0,329315519582962",0,"0,25","0,25","0,5",1,0,0,"0,5","0,25","0,25",0,"0,75",0,"0,5"
7,0%,3,2000,2000,0,2400,4,"1569,93","17269,2","1552,27272727273",17075,1,0,0,26,0,"889,126363636364",1,113,0,1,"0,502827260498134",0,0,0,1,0,1,0,0,0,1,0,1,0,0
5,0%,3,360,2000,1,500,4,"2360,08","28320,88","2330,66666666667",27968,4,0,0,112,0,"740,444705882353",48,916,12,1,"0,503134544513943",0,0,1,0,1,0,0,1,0,0,0,0,0,1
4,0%,7,950,"0,01",0,21200,7,"2371,02","37936,24","5669,75",90716,0,2,0,8,0,"1210,43481481482",49,82,0,0,"0,294874306113908",1,0,0,0,1,0,0,0,0,1,0,1,1,0
2,0%,0,500,500,1,600,3,"156,04","2028,58","1480,92307692308",19252,0,0,1,14,0,"296,432222222222",6,187,2,1,"0,0953254093638425",0,0,0,1,1,0,0,0,0,1,0,0,0,1
1,0%,2,500,1000,0,2000,3,"1863,48","20498,36","1745,09090909091",19196,1,0,0,14,0,"1314,90181818182",8,572,4,1,"0,516404849454683",0,0,0,1,0,1,0,1,0,0,0,0,0,1
6,,,,,,,,,,,,,,,,,,,,,,,,,,,,,,,,,,,,
3,,,,,,,,,,,,,,,,,,,,,,,,,,,,,,,,,,,,
